Crop,Season,Soil_Type,Area(ha),Water_Usage(cubic_meters),Irrigation_Type
rice,rabi,clayey,3.86,5291.18,surface
tomato,kharif,clayey,1.02,714.12,drip
groundnut,rabi,black,0.81,577.98,surface
sugarcane,kharif,black,4.19,7143.69,surface
cotton,summer,sandy,1.3,1104.56,drip
tomato,kharif,sandy,3.55,1834.78,drip
groundnut,kharif,sandy,4.52,3204.88,drip
onion,summer,red,3.38,1836.29,drip
rice,summer,clayey,2.5,3117.85,surface
wheat,kharif,loamy,2.19,1764.87,sprinkler
rice,rabi,sandy,4.95,5552.99,surface
sugarcane,kharif,sandy,4.09,6945.93,drip
cotton,kharif,black,2.81,3164.76,drip
groundnut,summer,loamy,4.7,3151.9,drip
tomato,kharif,loamy,0.98,546.46,drip
wheat,summer,clayey,0.55,438.13,sprinkler
sugarcane,summer,clayey,3.42,4861.15,drip
rice,rabi,clayey,3.95,4739.2,surface
rice,rabi,sandy,3.2,4579.45,surface
tomato,rabi,loamy,3.36,2325.63,drip
groundnut,kharif,clayey,0.58,472.93,surface
onion,summer,loamy,2.77,1498.36,sprinkler
wheat,kharif,red,3.92,2997.47,surface
sugarcane,kharif,red,0.86,1102.98,surface
onion,kharif,loamy,2.19,1157.21,sprinkler
sugarcane,summer,clayey,1.1,1529.58,surface
wheat,summer,clayey,3.88,3113.48,sprinkler
groundnut,kharif,loamy,2.93,2384.6,surface
sugarcane,summer,black,2.85,3733.86,drip
wheat,rabi,sandy,4.79,3538.65,surface
cotton,kharif,sandy,1.28,1305.01,drip
sugarcane,summer,sandy,2.42,3582.19,drip
cotton,kharif,black,1.29,1160.47,drip
maize,summer,loamy,1.72,1530.82,surface
rice,rabi,black,1.25,1464.83,surface
mango,kharif,black,0.59,224.81,drip
rice,summer,red,1.19,1557.46,surface
maize,rabi,clayey,2.54,1930.52,surface
citrus,kharif,clayey,1.11,493.36,drip
cotton,kharif,sandy,4.38,4783.61,drip
groundnut,rabi,black,4.73,3934.12,surface
groundnut,rabi,clayey,3.38,2449.58,surface
tomato,kharif,black,4.69,2433.96,drip
tomato,summer,clayey,2.79,1666.38,sprinkler
groundnut,summer,black,4.67,3577.15,drip
sugarcane,kharif,clayey,3.34,5363.56,surface
cotton,summer,black,4.75,4080.0,surface
sugarcane,kharif,sandy,3.97,6298.95,drip
tomato,summer,red,4.88,2436.5,sprinkler
sugarcane,kharif,black,1.64,2265.38,surface
mango,summer,clayey,3.8,1673.5,drip
rice,summer,red,4.0,4501.23,surface
cotton,summer,loamy,4.69,4498.59,surface
maize,kharif,black,0.51,337.8,sprinkler
tomato,summer,clayey,3.8,1979.62,sprinkler
groundnut,summer,loamy,1.39,849.23,drip
rice,summer,loamy,1.34,1324.34,surface
cotton,rabi,black,2.48,2889.67,drip
rice,kharif,clayey,0.89,907.66,surface
rice,kharif,red,1.56,1860.91,surface
rice,kharif,clayey,3.88,3738.26,surface
citrus,kharif,loamy,2.85,1029.73,drip
citrus,rabi,black,3.91,1832.96,drip
groundnut,summer,clayey,5.0,3943.59,surface
groundnut,rabi,red,0.76,501.36,surface
groundnut,kharif,black,4.42,2972.48,drip
cotton,summer,sandy,4.41,4020.98,drip
sugarcane,rabi,red,3.59,6181.66,surface
mango,summer,loamy,0.51,215.27,drip
groundnut,summer,clayey,4.43,3683.49,drip
groundnut,kharif,red,2.68,2055.5,surface
rice,rabi,black,4.94,6774.76,surface
rice,rabi,red,1.38,1419.63,surface
mango,kharif,black,4.09,1506.0,drip
mango,kharif,black,4.8,1906.31,drip
mango,kharif,loamy,1.27,598.26,drip
rice,rabi,sandy,1.22,1715.2,surface
tomato,kharif,clayey,3.5,2479.26,sprinkler
rice,summer,black,0.91,1175.77,surface
sugarcane,summer,clayey,2.2,3587.02,drip
tomato,kharif,loamy,1.67,918.22,sprinkler
rice,rabi,red,4.72,6218.21,surface
rice,kharif,clayey,4.79,5924.85,surface
wheat,kharif,red,2.91,2982.64,sprinkler
tomato,rabi,loamy,2.84,1773.26,sprinkler
sugarcane,rabi,sandy,2.92,4310.98,drip
cotton,kharif,black,3.56,3057.93,surface
maize,summer,sandy,3.19,2356.92,sprinkler
rice,summer,red,2.65,3598.09,surface
onion,summer,black,0.76,427.15,sprinkler
cotton,summer,loamy,3.65,2996.75,drip
cotton,summer,black,1.85,2083.11,surface
cotton,summer,black,2.02,2163.74,drip
groundnut,rabi,sandy,2.88,1841.04,surface
sugarcane,kharif,loamy,1.96,3282.54,surface
wheat,rabi,loamy,3.1,2725.14,sprinkler
onion,kharif,loamy,1.48,813.52,sprinkler
wheat,summer,red,0.96,962.67,sprinkler
cotton,rabi,loamy,4.67,3915.42,surface
onion,kharif,sandy,4.91,2602.4,drip
citrus,kharif,black,1.6,610.22,drip
tomato,rabi,red,4.8,3056.02,sprinkler
tomato,rabi,black,1.74,1107.97,drip
groundnut,kharif,sandy,0.87,606.37,drip
mango,kharif,red,3.08,1267.79,drip
maize,summer,loamy,2.23,2140.77,sprinkler
tomato,summer,loamy,0.95,470.48,sprinkler
mango,rabi,sandy,2.27,1023.3,drip
mango,kharif,red,4.27,1734.63,drip
rice,summer,sandy,1.31,1634.32,surface
cotton,summer,black,4.1,3481.79,drip
cotton,summer,loamy,0.9,812.43,drip
wheat,kharif,red,1.84,1964.86,surface
cotton,summer,sandy,1.62,1325.92,surface
mango,summer,red,2.5,1030.83,drip
groundnut,summer,red,2.8,2107.34,surface
wheat,kharif,loamy,1.14,1172.14,surface
sugarcane,summer,red,1.47,2080.7,drip
cotton,kharif,red,1.65,1571.98,surface
cotton,rabi,sandy,4.75,5085.4,surface
cotton,kharif,clayey,4.98,5372.03,drip
sugarcane,summer,red,3.22,4674.83,surface
cotton,rabi,black,0.62,645.69,surface
rice,kharif,red,0.99,1210.98,surface
rice,summer,sandy,2.13,2385.79,surface
maize,kharif,clayey,0.54,410.77,sprinkler
sugarcane,kharif,sandy,1.29,2111.73,surface
maize,kharif,red,2.07,1703.8,surface
maize,summer,sandy,4.53,3146.72,surface
tomato,rabi,red,2.98,2061.22,drip
tomato,summer,loamy,1.67,1076.81,sprinkler
cotton,kharif,black,3.05,2766.19,drip
groundnut,summer,red,2.38,1637.87,drip
onion,rabi,red,1.79,1057.04,sprinkler
mango,rabi,sandy,4.76,1832.8,drip
groundnut,summer,sandy,0.85,533.13,drip
rice,summer,sandy,0.88,965.54,surface
onion,rabi,red,4.7,2008.24,drip
onion,rabi,sandy,3.27,1903.72,drip
wheat,summer,red,3.87,3126.66,sprinkler
mango,summer,black,4.84,2071.15,drip
mango,kharif,sandy,2.15,733.86,drip
groundnut,rabi,black,2.21,1468.59,drip
rice,summer,loamy,4.24,5801.9,surface
rice,rabi,black,1.82,1933.33,surface
citrus,kharif,clayey,4.68,2492.78,drip
mango,rabi,red,4.32,1422.14,drip
wheat,rabi,clayey,2.09,1508.68,sprinkler
cotton,rabi,sandy,0.96,956.95,surface
rice,rabi,sandy,4.61,4440.89,surface
maize,rabi,black,2.18,1649.47,sprinkler
cotton,kharif,black,3.45,3366.31,surface
cotton,summer,black,0.53,611.32,surface
sugarcane,kharif,clayey,0.68,976.97,drip
groundnut,kharif,loamy,4.77,3952.97,drip
maize,rabi,black,2.98,2669.91,sprinkler
cotton,rabi,red,3.77,4134.77,surface
tomato,kharif,sandy,4.07,2076.8,drip
groundnut,summer,loamy,0.73,578.42,drip
tomato,rabi,black,1.8,1073.92,drip
tomato,summer,loamy,3.78,1983.92,drip
maize,rabi,loamy,3.5,2720.66,sprinkler
onion,summer,red,3.25,1422.63,drip
citrus,kharif,sandy,1.1,403.6,drip
sugarcane,rabi,sandy,3.27,4102.42,drip
wheat,rabi,red,1.88,1782.22,sprinkler
sugarcane,rabi,black,2.66,4005.74,drip
wheat,kharif,clayey,2.14,2267.29,sprinkler
tomato,rabi,sandy,1.32,633.77,drip
groundnut,rabi,black,1.76,1284.49,drip
tomato,rabi,black,2.14,1183.52,drip
rice,summer,red,3.97,4059.52,surface
groundnut,summer,red,2.88,1912.45,surface
maize,summer,black,0.89,599.89,sprinkler
citrus,kharif,red,4.86,2522.96,drip
sugarcane,summer,black,4.66,5801.36,drip
mango,rabi,black,4.95,1743.98,drip
cotton,kharif,loamy,2.38,2581.45,drip
mango,rabi,black,3.33,1128.17,drip
tomato,rabi,black,2.86,2026.56,drip
wheat,summer,clayey,3.64,2789.76,surface
wheat,summer,loamy,3.83,3305.66,surface
mango,kharif,black,3.88,1480.08,drip
tomato,summer,clayey,1.43,687.64,sprinkler
citrus,summer,sandy,4.46,2240.33,drip
onion,rabi,loamy,1.83,830.28,sprinkler
rice,kharif,sandy,2.9,3190.25,surface
cotton,kharif,clayey,4.43,3635.29,surface
sugarcane,summer,sandy,0.51,718.32,drip
citrus,rabi,sandy,4.76,2471.0,drip
maize,rabi,red,1.83,1748.17,sprinkler
wheat,kharif,clayey,1.3,1390.71,sprinkler
mango,summer,black,4.76,1719.19,drip
citrus,rabi,loamy,1.96,777.54,drip
tomato,rabi,loamy,3.78,2208.04,drip
cotton,kharif,black,1.32,1153.69,surface
cotton,summer,black,4.75,4142.77,drip
maize,rabi,loamy,4.48,4039.17,sprinkler
citrus,kharif,loamy,0.82,331.4,drip
tomato,summer,red,1.12,739.32,drip
wheat,rabi,black,0.59,600.36,surface
wheat,kharif,sandy,1.7,1798.42,surface
citrus,kharif,sandy,2.94,1491.42,drip
rice,kharif,black,3.92,5442.32,surface
cotton,rabi,black,1.2,986.82,surface
maize,kharif,sandy,0.96,705.56,sprinkler
mango,kharif,sandy,4.6,1489.66,drip
tomato,kharif,clayey,3.45,1843.03,sprinkler
tomato,rabi,loamy,4.96,2648.07,drip
maize,kharif,red,2.0,1510.72,surface
rice,summer,loamy,1.3,1579.02,surface
citrus,summer,black,1.18,566.53,drip
maize,rabi,sandy,1.72,1375.59,surface
groundnut,summer,sandy,4.05,3245.18,surface
cotton,rabi,loamy,2.26,2460.09,drip
onion,kharif,red,2.42,1319.73,drip
cotton,rabi,loamy,1.32,1259.29,drip
groundnut,rabi,black,3.62,2446.77,surface
groundnut,summer,loamy,2.22,1584.67,drip
mango,summer,red,4.2,1602.47,drip
citrus,summer,red,3.99,2019.07,drip
sugarcane,kharif,clayey,0.51,916.14,drip
wheat,summer,black,4.81,5057.84,sprinkler
wheat,rabi,loamy,1.83,1412.56,sprinkler
mango,kharif,loamy,4.23,1391.41,drip
cotton,summer,loamy,2.2,1783.19,drip
tomato,kharif,sandy,3.48,1732.01,sprinkler
citrus,kharif,loamy,2.14,800.83,drip
rice,summer,black,1.17,1225.65,surface
cotton,rabi,black,3.75,3665.96,surface
wheat,kharif,loamy,0.77,732.49,sprinkler
citrus,summer,loamy,0.55,280.44,drip
onion,summer,red,1.88,837.47,sprinkler
cotton,kharif,red,2.2,2596.94,surface
sugarcane,summer,sandy,1.49,1952.22,surface
mango,summer,black,2.65,1124.74,drip
tomato,kharif,sandy,4.12,2617.0,sprinkler
sugarcane,kharif,sandy,0.85,1327.63,surface
groundnut,kharif,clayey,1.23,725.47,drip
sugarcane,rabi,loamy,2.98,4717.44,drip
wheat,rabi,sandy,4.89,4515.07,surface
citrus,kharif,sandy,1.92,1017.28,drip
wheat,rabi,black,2.75,2291.33,sprinkler
tomato,kharif,sandy,1.99,1383.37,sprinkler
mango,summer,loamy,0.61,272.9,drip
onion,rabi,loamy,1.18,581.29,drip
rice,kharif,loamy,3.96,4107.72,surface
mango,rabi,loamy,2.03,766.63,drip
tomato,summer,black,1.58,1136.47,drip
citrus,kharif,red,3.33,1497.02,drip
wheat,rabi,red,4.4,4431.05,surface
rice,kharif,black,1.91,2689.94,surface
cotton,rabi,red,2.13,1780.02,drip
cotton,rabi,black,4.9,5415.77,surface
onion,kharif,red,2.7,1276.27,drip
maize,rabi,red,4.63,3154.3,surface
groundnut,rabi,sandy,3.57,2504.94,surface
maize,summer,sandy,3.83,2751.25,sprinkler
mango,kharif,sandy,1.81,625.02,drip
tomato,kharif,black,4.43,2837.84,drip
groundnut,rabi,red,4.55,3140.22,surface
rice,summer,sandy,4.63,6494.94,surface
tomato,rabi,clayey,0.79,444.12,drip
citrus,kharif,black,1.01,446.24,drip
mango,rabi,loamy,3.38,1254.76,drip
wheat,kharif,clayey,4.05,4342.74,sprinkler
sugarcane,kharif,sandy,4.79,7712.87,drip
maize,summer,loamy,0.88,582.7,surface
tomato,rabi,black,4.42,2678.28,drip
maize,kharif,sandy,4.53,3520.4,sprinkler
maize,kharif,clayey,4.74,3764.13,sprinkler
mango,summer,black,2.1,904.81,drip
tomato,summer,red,1.39,908.3,drip
citrus,rabi,clayey,0.56,291.97,drip
cotton,rabi,sandy,4.06,4342.49,surface
maize,rabi,loamy,3.35,2828.92,sprinkler
citrus,kharif,loamy,3.86,1519.98,drip
mango,summer,black,1.47,519.74,drip
sugarcane,rabi,clayey,0.57,990.66,drip
mango,summer,black,3.42,1343.92,drip
tomato,rabi,red,2.42,1727.34,sprinkler
groundnut,kharif,black,2.43,1481.16,drip
citrus,summer,black,2.22,1136.9,drip
tomato,summer,red,4.72,3291.78,sprinkler
rice,kharif,sandy,3.42,4294.85,surface
tomato,rabi,red,4.67,2353.35,drip
onion,summer,clayey,4.33,1915.48,drip
onion,kharif,loamy,4.35,2566.98,sprinkler
groundnut,rabi,black,0.53,352.4,surface
sugarcane,rabi,clayey,1.88,3274.22,surface
tomato,kharif,black,0.65,316.09,drip
groundnut,rabi,loamy,4.82,4039.12,surface
sugarcane,kharif,red,3.4,5770.24,surface
citrus,kharif,black,4.9,1917.22,drip
groundnut,rabi,loamy,0.95,745.11,drip
mango,summer,red,4.03,1833.19,drip
maize,rabi,loamy,0.92,596.35,sprinkler
wheat,kharif,red,3.68,3869.2,surface
rice,kharif,loamy,4.93,6234.19,surface
groundnut,kharif,loamy,1.84,1306.25,drip
sugarcane,rabi,sandy,1.74,3064.11,surface
wheat,kharif,black,4.67,3568.66,surface
cotton,rabi,loamy,0.92,917.88,surface
groundnut,rabi,sandy,2.71,1534.26,drip
rice,summer,sandy,1.45,1684.26,surface
groundnut,kharif,loamy,1.84,1495.95,surface
citrus,kharif,clayey,4.97,2222.11,drip
citrus,kharif,red,3.84,2022.85,drip
sugarcane,summer,sandy,2.83,4688.11,drip
sugarcane,kharif,loamy,0.63,808.38,surface
rice,rabi,clayey,2.67,3784.86,surface
groundnut,rabi,black,2.46,2029.44,surface
sugarcane,kharif,loamy,3.59,6219.28,surface
maize,kharif,red,4.07,3370.06,surface
cotton,summer,black,2.45,2397.23,drip
citrus,rabi,red,0.98,420.37,drip
sugarcane,rabi,sandy,2.52,4368.85,surface
mango,summer,black,1.82,823.13,drip
mango,rabi,sandy,1.02,458.44,drip
tomato,rabi,loamy,0.83,529.27,drip
groundnut,rabi,sandy,0.54,406.47,drip
groundnut,rabi,red,4.08,3311.53,drip
mango,rabi,clayey,3.21,1298.0,drip
rice,summer,red,4.76,6414.41,surface
rice,summer,black,1.93,2149.36,surface
sugarcane,rabi,black,0.71,968.9,drip
rice,rabi,loamy,3.21,3992.48,surface
sugarcane,rabi,sandy,3.4,5826.45,drip
wheat,rabi,loamy,4.29,3710.9,sprinkler
mango,rabi,sandy,0.81,271.53,drip
tomato,rabi,clayey,3.89,2240.96,sprinkler
mango,rabi,red,0.71,261.1,drip
onion,summer,sandy,4.29,2520.55,sprinkler
rice,kharif,sandy,4.21,4321.95,surface
groundnut,kharif,loamy,0.9,686.48,surface
groundnut,summer,sandy,1.67,1302.24,drip
rice,rabi,sandy,1.69,2180.44,surface
tomato,summer,loamy,4.66,2889.33,sprinkler
rice,rabi,loamy,3.89,5392.1,surface
tomato,summer,sandy,2.85,1532.52,sprinkler
onion,rabi,clayey,3.98,1976.23,sprinkler
rice,rabi,sandy,2.09,2844.62,surface
sugarcane,summer,sandy,0.84,1257.28,drip
sugarcane,summer,loamy,2.61,3735.0,drip
onion,rabi,loamy,4.16,2297.65,drip
mango,rabi,black,3.45,1571.99,drip
rice,kharif,clayey,2.24,2636.85,surface
citrus,rabi,loamy,0.81,353.29,drip
maize,kharif,black,4.44,3900.13,sprinkler
sugarcane,rabi,loamy,1.7,2525.77,drip
mango,rabi,clayey,1.03,420.29,drip
groundnut,kharif,loamy,2.29,1558.66,surface
groundnut,rabi,clayey,2.16,1239.32,drip
tomato,kharif,clayey,1.35,705.23,sprinkler
maize,summer,black,0.99,649.4,surface
sugarcane,kharif,sandy,0.74,903.85,drip
maize,kharif,red,0.95,676.85,sprinkler
citrus,rabi,black,0.96,472.42,drip
maize,kharif,loamy,4.04,3035.02,surface
maize,summer,sandy,0.92,736.95,surface
citrus,summer,clayey,4.34,2099.82,drip
cotton,summer,sandy,1.25,1166.08,surface
onion,kharif,black,2.43,982.12,drip
maize,kharif,sandy,3.17,3012.3,sprinkler
citrus,rabi,loamy,2.63,968.19,drip
wheat,kharif,red,2.76,2737.36,sprinkler
rice,rabi,clayey,2.54,3334.29,surface
mango,summer,black,1.64,645.18,drip
groundnut,summer,clayey,4.51,3503.67,surface
citrus,kharif,clayey,3.59,1762.97,drip
wheat,rabi,loamy,3.47,2675.33,surface
onion,kharif,red,3.83,2277.54,drip
groundnut,summer,sandy,1.37,1133.47,drip
rice,summer,red,4.55,5349.2,surface
mango,rabi,clayey,4.5,1721.54,drip
tomato,rabi,loamy,0.68,411.28,sprinkler
groundnut,rabi,black,3.05,2384.82,drip
groundnut,kharif,sandy,2.75,2067.86,surface
onion,summer,clayey,3.31,1763.78,drip
maize,rabi,sandy,4.1,2644.46,surface
wheat,rabi,red,1.06,949.56,surface
wheat,rabi,sandy,0.72,554.1,sprinkler
maize,kharif,clayey,1.14,997.02,sprinkler
tomato,rabi,loamy,0.64,450.5,drip
sugarcane,rabi,black,4.85,6105.58,surface
maize,summer,clayey,1.28,997.71,surface
groundnut,summer,loamy,1.63,1102.8,drip
sugarcane,rabi,sandy,1.84,3231.54,surface
onion,rabi,black,0.93,469.94,drip
groundnut,rabi,clayey,2.42,1640.13,surface
tomato,kharif,red,0.62,411.7,sprinkler
rice,summer,clayey,4.04,5003.76,surface
groundnut,summer,red,4.55,3666.32,drip
wheat,kharif,black,3.52,3120.87,sprinkler
mango,kharif,sandy,0.75,339.59,drip
rice,summer,sandy,4.2,5171.93,surface
groundnut,kharif,red,3.53,2707.59,drip
wheat,summer,loamy,3.03,3236.71,surface
cotton,summer,loamy,1.85,1710.06,drip
wheat,summer,loamy,1.02,734.41,sprinkler
citrus,summer,sandy,1.61,609.63,drip
wheat,rabi,sandy,4.67,3866.63,sprinkler
onion,kharif,red,1.67,872.66,drip
onion,rabi,loamy,3.36,1468.19,drip
sugarcane,summer,red,1.4,2083.59,drip
maize,summer,black,2.15,1565.32,sprinkler
tomato,rabi,black,4.16,2144.73,drip
maize,kharif,red,2.25,1857.99,surface
wheat,kharif,clayey,4.83,4291.2,sprinkler
onion,kharif,loamy,2.11,1205.16,sprinkler
mango,rabi,red,2.26,745.9,drip
cotton,summer,red,2.03,2204.73,surface
cotton,summer,clayey,4.66,3855.14,surface
onion,rabi,red,3.47,1787.77,sprinkler
mango,kharif,clayey,3.15,1300.69,drip
citrus,kharif,sandy,0.63,309.91,drip
sugarcane,summer,sandy,2.75,4420.88,drip
groundnut,summer,loamy,0.97,782.41,drip
tomato,kharif,sandy,3.25,1649.29,sprinkler
rice,rabi,red,3.34,3253.63,surface
cotton,kharif,black,2.2,2630.21,surface
citrus,kharif,clayey,2.71,1306.74,drip
sugarcane,summer,loamy,2.45,3716.94,drip
sugarcane,summer,sandy,3.33,5331.98,drip
sugarcane,kharif,sandy,2.12,3063.01,drip
mango,rabi,loamy,3.57,1689.46,drip
mango,kharif,loamy,3.07,1215.1,drip
groundnut,summer,red,4.34,3404.5,surface
onion,summer,black,4.43,2276.27,sprinkler
cotton,kharif,sandy,2.74,2248.42,surface
mango,kharif,loamy,4.2,1538.81,drip
maize,summer,clayey,0.81,744.29,surface
maize,summer,red,1.59,1281.04,sprinkler
citrus,rabi,red,0.75,364.16,drip
rice,rabi,sandy,0.65,755.48,surface
sugarcane,kharif,loamy,1.42,2399.88,surface
groundnut,kharif,black,0.83,685.11,drip
citrus,rabi,sandy,4.77,2230.77,drip
citrus,summer,black,4.76,1945.37,drip
wheat,kharif,black,2.78,2652.46,surface
tomato,rabi,loamy,0.6,295.97,sprinkler
sugarcane,summer,sandy,2.99,3681.54,surface
tomato,rabi,black,2.97,1507.99,drip
rice,rabi,loamy,2.04,2857.37,surface
sugarcane,kharif,red,0.55,796.31,drip
mango,kharif,loamy,4.16,1382.19,drip
cotton,kharif,clayey,0.7,657.91,surface
sugarcane,kharif,red,2.29,3651.52,surface
rice,rabi,red,1.43,1856.89,surface
groundnut,rabi,clayey,4.74,3689.89,drip
maize,summer,clayey,1.93,1569.58,sprinkler
rice,rabi,black,3.67,4618.69,surface
maize,kharif,loamy,4.29,3460.82,sprinkler
maize,kharif,clayey,3.76,3354.45,sprinkler
wheat,summer,black,3.42,3021.07,surface
rice,rabi,sandy,1.72,2136.85,surface
maize,kharif,clayey,4.35,3318.44,sprinkler
wheat,rabi,black,0.7,555.84,sprinkler
cotton,summer,sandy,3.47,2819.45,surface
groundnut,summer,clayey,4.65,3785.5,drip
citrus,kharif,clayey,3.77,1778.97,drip
tomato,kharif,red,2.25,1469.5,drip
maize,rabi,red,3.74,3313.95,surface
maize,rabi,black,3.86,3612.54,sprinkler
cotton,rabi,clayey,0.88,791.98,drip
mango,rabi,red,2.28,954.15,drip
groundnut,summer,clayey,4.02,3163.23,surface
citrus,kharif,clayey,3.06,1278.4,drip
maize,rabi,black,0.58,372.85,sprinkler
wheat,rabi,red,1.48,1096.81,sprinkler
rice,summer,red,1.91,1892.32,surface
cotton,rabi,clayey,4.41,3752.42,surface
cotton,summer,sandy,1.55,1645.85,drip
cotton,summer,clayey,0.69,749.99,surface
wheat,rabi,sandy,3.55,3651.87,sprinkler
groundnut,summer,loamy,2.07,1204.11,drip
onion,summer,sandy,1.57,730.3,drip
groundnut,kharif,black,4.44,2664.28,surface
groundnut,rabi,black,4.54,3018.74,surface
maize,kharif,clayey,0.7,656.39,sprinkler
citrus,kharif,red,1.45,603.72,drip
mango,kharif,black,4.24,1378.92,drip
cotton,summer,sandy,4.8,5680.56,surface
sugarcane,summer,sandy,4.31,6536.78,surface
wheat,summer,red,2.84,2368.84,sprinkler
sugarcane,kharif,clayey,1.59,2640.33,surface
groundnut,rabi,clayey,3.87,2292.27,drip
sugarcane,summer,black,2.13,3005.84,surface
mango,rabi,black,3.22,1261.71,drip
tomato,summer,loamy,4.67,2516.13,drip
tomato,summer,clayey,4.08,2292.87,drip
rice,rabi,black,2.77,2856.51,surface
onion,kharif,black,0.57,241.77,drip
maize,summer,sandy,1.07,696.47,surface
tomato,summer,loamy,4.95,2533.26,drip
mango,rabi,clayey,1.07,461.71,drip
sugarcane,kharif,clayey,4.54,7895.12,surface
citrus,summer,sandy,0.83,436.36,drip
onion,summer,black,3.83,1865.74,sprinkler
onion,summer,loamy,3.76,1947.35,drip
mango,kharif,sandy,3.17,1202.0,drip
onion,rabi,black,1.3,707.86,sprinkler
maize,kharif,clayey,2.72,1782.83,sprinkler
mango,rabi,clayey,2.23,983.8,drip
cotton,summer,loamy,2.44,2223.58,drip
citrus,kharif,clayey,1.78,678.78,drip
maize,rabi,loamy,4.48,3280.76,surface
maize,kharif,clayey,1.13,797.99,sprinkler
mango,kharif,red,4.56,2159.51,drip
mango,kharif,black,4.25,1377.53,drip
sugarcane,summer,black,3.79,5732.51,surface
onion,kharif,sandy,2.5,1216.13,sprinkler
maize,kharif,clayey,3.79,2566.85,sprinkler
groundnut,summer,loamy,3.77,2456.5,drip
mango,rabi,black,3.34,1342.86,drip
rice,kharif,black,0.95,1233.53,surface
mango,kharif,red,3.48,1602.23,drip
wheat,kharif,loamy,3.14,3246.64,surface
sugarcane,rabi,black,1.18,1992.22,drip
onion,kharif,loamy,3.36,1403.61,sprinkler
mango,kharif,black,0.8,327.39,drip
sugarcane,kharif,black,3.6,5644.9,drip
citrus,summer,clayey,2.68,1281.71,drip
cotton,kharif,clayey,3.51,3496.27,surface
tomato,summer,black,1.83,974.55,sprinkler
maize,rabi,clayey,1.61,1249.29,surface
cotton,rabi,sandy,2.06,1976.03,surface
cotton,rabi,red,2.35,2100.77,surface
maize,summer,loamy,4.5,4007.27,surface
wheat,rabi,clayey,2.35,2376.44,sprinkler
tomato,rabi,sandy,1.71,1119.65,sprinkler
groundnut,rabi,black,2.34,1685.51,drip
cotton,summer,sandy,4.77,4986.18,drip
groundnut,summer,red,0.59,449.71,drip
tomato,summer,clayey,4.61,3061.23,drip
mango,summer,sandy,2.83,1069.56,drip
sugarcane,summer,black,4.37,5845.31,drip
cotton,rabi,black,1.47,1607.2,surface
wheat,kharif,red,0.96,828.73,surface
onion,kharif,clayey,1.86,829.56,drip
sugarcane,rabi,sandy,4.16,5935.13,drip
tomato,summer,clayey,4.38,2182.85,drip
mango,kharif,sandy,3.84,1561.62,drip
cotton,summer,red,4.07,3572.29,drip
citrus,rabi,black,2.81,1023.45,drip
maize,kharif,sandy,1.69,1436.39,surface
onion,rabi,black,0.92,545.91,sprinkler
mango,rabi,clayey,4.58,1856.33,drip
sugarcane,kharif,black,3.77,6676.2,surface
mango,rabi,loamy,3.1,1004.35,drip
sugarcane,rabi,black,3.03,4804.64,surface
groundnut,summer,sandy,0.93,564.87,drip
onion,kharif,loamy,2.31,1311.19,drip
mango,kharif,black,1.63,602.83,drip
groundnut,kharif,clayey,3.6,2619.52,drip
wheat,summer,loamy,3.9,3923.75,sprinkler
mango,rabi,loamy,1.95,845.17,drip
mango,kharif,black,3.65,1387.4,drip
wheat,summer,sandy,1.25,1096.92,surface
rice,rabi,black,1.27,1708.8,surface
onion,summer,red,2.38,956.41,drip
rice,rabi,clayey,2.85,3577.46,surface
groundnut,kharif,clayey,2.85,1759.16,drip
citrus,summer,red,1.63,722.61,drip
groundnut,kharif,red,3.72,2576.78,drip
groundnut,kharif,loamy,2.62,2195.89,surface
wheat,summer,loamy,1.4,1055.3,sprinkler
onion,kharif,sandy,3.31,1717.53,sprinkler
rice,summer,red,4.48,5042.6,surface
wheat,rabi,clayey,4.19,4326.23,surface
citrus,rabi,red,3.95,2086.29,drip
mango,kharif,red,1.19,519.92,drip
maize,rabi,red,0.96,859.2,sprinkler
citrus,rabi,red,3.97,1852.36,drip
maize,kharif,loamy,0.51,364.23,surface
sugarcane,summer,loamy,1.14,1693.22,drip
wheat,kharif,sandy,1.12,1131.88,sprinkler
tomato,rabi,clayey,2.75,1397.42,sprinkler
mango,rabi,black,3.68,1386.62,drip
mango,summer,sandy,4.47,2032.74,drip
cotton,summer,loamy,4.28,4383.55,surface
onion,summer,sandy,3.01,1466.12,sprinkler
groundnut,kharif,clayey,4.35,3374.77,drip
groundnut,kharif,red,3.02,2535.02,surface
sugarcane,rabi,loamy,4.7,8447.14,surface
sugarcane,rabi,red,1.38,2141.36,surface
groundnut,rabi,clayey,2.76,1555.64,drip
maize,summer,clayey,3.39,2601.67,sprinkler
maize,summer,sandy,4.87,4399.87,surface
onion,rabi,loamy,2.63,1512.22,sprinkler
mango,kharif,clayey,0.63,291.74,drip
cotton,kharif,sandy,2.39,2720.59,drip
wheat,summer,sandy,1.91,1965.09,sprinkler
maize,summer,red,3.82,2851.45,sprinkler
groundnut,summer,clayey,2.82,2321.85,drip
tomato,summer,sandy,0.79,535.63,sprinkler
mango,summer,clayey,0.88,344.03,drip
maize,summer,red,2.34,1973.31,sprinkler
wheat,rabi,red,2.08,1753.28,sprinkler
citrus,summer,black,0.9,472.72,drip
cotton,kharif,clayey,3.16,3748.73,drip
cotton,kharif,clayey,2.57,2957.76,drip
sugarcane,summer,loamy,3.86,6341.46,surface
maize,rabi,clayey,1.3,890.42,sprinkler
groundnut,kharif,loamy,1.73,1065.3,surface
maize,summer,black,1.69,1346.53,surface
citrus,rabi,red,2.52,1193.43,drip
cotton,summer,black,1.2,1232.98,drip
tomato,summer,clayey,1.43,926.52,sprinkler
mango,kharif,red,3.98,1438.03,drip
onion,kharif,sandy,2.83,1489.21,sprinkler
onion,rabi,red,1.95,999.87,drip
citrus,rabi,sandy,3.33,1719.88,drip
wheat,rabi,black,2.01,1916.01,surface
rice,rabi,clayey,1.23,1503.62,surface
wheat,summer,black,3.17,3074.96,sprinkler
tomato,kharif,clayey,3.76,2347.09,sprinkler
onion,rabi,sandy,4.87,2802.62,sprinkler
mango,rabi,black,3.98,1881.1,drip
tomato,kharif,red,1.25,690.17,drip
citrus,summer,loamy,1.08,453.56,drip
wheat,rabi,loamy,4.11,3637.91,surface
cotton,kharif,loamy,1.4,1216.36,surface
maize,kharif,loamy,4.36,3399.47,sprinkler
sugarcane,summer,red,4.31,6139.83,drip
onion,rabi,sandy,2.62,1407.88,drip
sugarcane,summer,black,4.24,6884.63,surface
rice,kharif,clayey,3.93,4024.68,surface
groundnut,summer,black,3.19,2263.47,surface
groundnut,summer,red,0.62,500.94,surface
cotton,rabi,clayey,2.03,2292.47,drip
citrus,kharif,loamy,1.12,441.09,drip
sugarcane,rabi,sandy,2.03,3232.63,surface
tomato,rabi,clayey,2.24,1516.72,drip
wheat,rabi,loamy,1.24,1197.4,sprinkler
rice,kharif,clayey,3.59,3621.14,surface
tomato,kharif,clayey,1.08,649.81,drip
onion,rabi,black,2.4,986.17,drip
tomato,summer,sandy,3.22,2165.71,sprinkler
onion,rabi,clayey,4.3,2555.72,sprinkler
rice,rabi,red,3.92,5400.78,surface
rice,kharif,clayey,4.77,6199.24,surface
maize,summer,red,3.77,2961.7,sprinkler
wheat,rabi,sandy,1.05,941.08,sprinkler
groundnut,summer,clayey,1.64,1073.36,drip
maize,summer,clayey,1.3,980.46,sprinkler
wheat,rabi,clayey,3.36,3139.85,sprinkler
groundnut,summer,black,1.62,945.32,drip
rice,summer,loamy,3.35,3909.21,surface
maize,rabi,red,1.6,1446.69,surface
mango,kharif,sandy,1.97,642.47,drip
citrus,rabi,red,4.91,1837.21,drip
maize,rabi,sandy,1.33,1169.02,surface
rice,kharif,loamy,3.07,4413.31,surface
citrus,summer,sandy,2.18,970.37,drip
tomato,summer,loamy,1.75,1122.0,sprinkler
citrus,kharif,clayey,1.73,749.6,drip
wheat,summer,loamy,1.74,1542.47,sprinkler
groundnut,kharif,loamy,0.58,377.52,drip
rice,summer,red,4.22,5242.08,surface
citrus,summer,black,2.64,1215.4,drip
groundnut,rabi,clayey,4.2,2530.49,surface
onion,summer,loamy,3.53,1592.52,drip
wheat,summer,black,3.03,2558.25,surface
sugarcane,rabi,clayey,3.88,5707.09,surface
onion,kharif,red,3.13,1642.79,drip
citrus,rabi,sandy,3.88,1595.07,drip
onion,rabi,red,1.09,568.35,drip
rice,rabi,loamy,1.45,1469.0,surface
maize,kharif,black,2.98,2242.89,sprinkler
sugarcane,summer,clayey,1.94,2750.74,surface
rice,summer,red,2.9,3097.34,surface
tomato,rabi,clayey,4.22,2480.81,sprinkler
cotton,rabi,sandy,2.9,2707.5,surface
onion,summer,sandy,2.23,1183.28,drip
tomato,kharif,sandy,3.28,1683.48,sprinkler
citrus,summer,red,3.79,2009.41,drip
groundnut,kharif,red,3.31,2487.87,drip
groundnut,summer,red,4.48,3329.32,drip
mango,kharif,black,2.16,993.48,drip
cotton,summer,loamy,1.95,1788.53,surface
wheat,summer,black,2.57,2482.93,surface
onion,kharif,black,2.75,1161.14,drip
citrus,kharif,loamy,2.58,1375.77,drip
wheat,summer,black,4.4,4744.93,surface
tomato,rabi,clayey,4.48,2728.15,drip
citrus,rabi,black,4.22,1564.61,drip
tomato,rabi,black,3.72,2242.32,drip
onion,kharif,sandy,1.16,524.9,sprinkler
citrus,summer,loamy,2.15,1028.08,drip
cotton,rabi,loamy,1.69,1575.1,drip
rice,summer,black,3.89,5147.83,surface
groundnut,summer,black,1.99,1365.35,surface
maize,summer,sandy,3.93,2701.35,surface
maize,kharif,clayey,3.04,2639.99,sprinkler
maize,summer,clayey,2.64,2061.2,sprinkler
maize,summer,loamy,1.16,850.91,sprinkler
tomato,summer,loamy,0.63,334.4,sprinkler
maize,summer,sandy,1.67,1454.18,sprinkler
mango,rabi,red,4.55,2163.91,drip
cotton,summer,clayey,2.2,2574.95,surface
cotton,kharif,black,4.54,3657.85,surface
rice,kharif,clayey,1.43,1475.82,surface
citrus,summer,loamy,2.1,929.62,drip
wheat,summer,loamy,2.14,1566.1,surface
rice,summer,sandy,1.72,2445.14,surface
mango,kharif,black,3.05,1097.01,drip
maize,summer,loamy,1.53,1330.43,sprinkler
cotton,summer,clayey,2.98,2492.9,drip
sugarcane,kharif,red,1.86,2463.83,drip
sugarcane,rabi,sandy,2.92,4873.03,surface
groundnut,kharif,black,1.02,595.02,drip
sugarcane,summer,red,1.47,2193.74,drip
citrus,summer,black,4.38,1664.73,drip
onion,summer,red,3.9,2333.95,drip
maize,summer,clayey,2.72,1894.45,surface
mango,summer,clayey,4.78,1758.76,drip
mango,rabi,clayey,3.55,1421.74,drip
onion,kharif,black,0.53,306.7,drip
mango,rabi,loamy,1.3,574.17,drip
maize,rabi,clayey,3.37,2737.62,sprinkler
cotton,kharif,loamy,1.46,1461.04,drip
groundnut,kharif,clayey,4.67,2890.18,surface
cotton,kharif,loamy,3.95,4401.58,surface
cotton,rabi,red,4.92,5222.07,drip
tomato,kharif,clayey,2.62,1796.0,sprinkler
maize,kharif,clayey,2.0,1506.52,surface
groundnut,rabi,black,3.03,2343.87,surface
wheat,kharif,black,2.09,2110.76,sprinkler
onion,kharif,loamy,1.44,782.4,sprinkler
maize,kharif,clayey,2.42,1844.94,surface
mango,kharif,red,2.76,1261.39,drip
rice,kharif,loamy,1.96,2332.89,surface
citrus,kharif,black,3.6,1884.96,drip
onion,rabi,red,3.14,1293.25,drip
wheat,rabi,red,2.16,2273.4,sprinkler
rice,kharif,sandy,1.96,2610.95,surface
tomato,kharif,red,1.84,971.52,drip
rice,kharif,clayey,3.08,4084.5,surface
maize,summer,sandy,1.13,1001.6,surface
groundnut,rabi,loamy,1.33,919.2,surface
onion,rabi,loamy,3.55,1919.88,sprinkler
maize,kharif,sandy,3.39,2633.17,sprinkler
onion,summer,sandy,4.61,2316.31,drip
wheat,kharif,red,4.43,3711.21,sprinkler
mango,rabi,red,2.0,661.48,drip
rice,summer,sandy,2.89,3882.21,surface
rice,summer,loamy,3.88,5153.48,surface
tomato,rabi,black,4.5,3233.9,sprinkler
cotton,kharif,loamy,3.42,3200.86,surface
mango,kharif,black,3.09,991.94,drip
tomato,kharif,loamy,1.95,1006.43,drip
sugarcane,summer,black,3.44,4541.48,surface
citrus,summer,red,1.19,593.97,drip
sugarcane,kharif,sandy,0.62,967.91,surface
wheat,summer,clayey,4.8,4021.85,surface
groundnut,summer,loamy,1.41,854.07,drip
maize,kharif,clayey,0.62,570.92,sprinkler
onion,rabi,sandy,2.5,1371.97,drip
sugarcane,kharif,black,2.47,3258.38,surface
tomato,kharif,loamy,2.78,1720.24,drip
mango,kharif,loamy,1.04,414.19,drip
citrus,summer,clayey,2.37,942.93,drip
rice,rabi,clayey,2.79,3943.81,surface
wheat,rabi,black,2.3,2366.0,surface
groundnut,rabi,sandy,2.45,1953.6,surface
maize,summer,sandy,3.43,3084.44,sprinkler
onion,rabi,clayey,0.7,398.64,drip
cotton,kharif,red,1.2,1293.63,drip
wheat,summer,loamy,4.4,4214.95,surface
groundnut,kharif,black,1.28,1052.37,surface
cotton,rabi,sandy,4.04,3280.45,drip
sugarcane,rabi,clayey,4.59,6238.31,surface
groundnut,kharif,clayey,0.63,435.8,drip
cotton,kharif,red,2.2,2286.69,surface
mango,kharif,sandy,0.57,264.22,drip
rice,kharif,sandy,4.86,5749.03,surface
tomato,kharif,red,4.14,1987.92,sprinkler
onion,rabi,loamy,1.95,990.59,sprinkler
citrus,rabi,black,3.87,1986.68,drip
sugarcane,kharif,red,1.08,1906.6,drip
sugarcane,summer,sandy,3.73,5107.79,drip
citrus,kharif,loamy,1.63,800.99,drip
maize,summer,black,3.51,2830.37,surface
citrus,kharif,clayey,2.4,1149.64,drip
citrus,summer,black,3.34,1679.87,drip
cotton,kharif,sandy,4.26,3813.26,drip
tomato,kharif,red,2.66,1824.34,sprinkler
sugarcane,rabi,loamy,2.54,3448.51,surface
onion,summer,clayey,3.45,1735.0,drip
groundnut,kharif,clayey,2.03,1632.43,surface
mango,summer,sandy,3.51,1315.48,drip
mango,kharif,clayey,2.42,784.24,drip
mango,kharif,loamy,4.89,2214.25,drip
rice,kharif,clayey,1.88,2198.39,surface
rice,rabi,red,1.38,1881.22,surface
sugarcane,kharif,clayey,2.87,4787.05,drip
citrus,summer,clayey,2.93,1420.65,drip
mango,rabi,loamy,0.95,329.18,drip
citrus,summer,loamy,2.93,1558.54,drip
tomato,rabi,sandy,4.82,3411.29,drip
maize,summer,black,4.52,3569.72,surface
cotton,kharif,sandy,1.63,1666.35,surface
maize,summer,red,3.17,2096.58,sprinkler
tomato,kharif,black,4.2,2786.71,drip
sugarcane,kharif,black,2.26,2974.21,surface
groundnut,kharif,clayey,1.13,759.82,drip
citrus,kharif,black,1.14,466.93,drip
groundnut,summer,sandy,2.84,2007.28,drip
citrus,kharif,black,1.84,703.76,drip
citrus,kharif,sandy,4.46,2211.11,drip
groundnut,kharif,black,4.27,2696.62,surface
onion,summer,loamy,4.44,2390.0,sprinkler
onion,kharif,red,0.96,575.54,sprinkler
citrus,kharif,black,4.27,2277.55,drip
tomato,summer,sandy,4.39,2402.42,drip
maize,summer,red,1.98,1689.8,surface
maize,kharif,sandy,0.96,862.0,surface
sugarcane,kharif,red,2.45,3330.66,surface
onion,summer,red,4.42,2358.12,sprinkler
wheat,summer,sandy,3.09,2355.48,surface
sugarcane,summer,red,2.4,3446.99,surface
wheat,summer,black,4.34,4020.59,sprinkler
mango,rabi,black,3.51,1137.6,drip
citrus,kharif,clayey,0.94,494.18,drip
wheat,rabi,clayey,4.18,3527.33,sprinkler
sugarcane,rabi,sandy,1.96,3174.15,surface
maize,kharif,red,3.97,3236.06,sprinkler
groundnut,rabi,loamy,4.3,3439.4,surface
groundnut,summer,red,3.83,3041.58,surface
sugarcane,rabi,sandy,4.61,5782.14,surface
tomato,summer,black,3.38,2236.13,sprinkler
sugarcane,summer,black,2.08,3501.76,surface
groundnut,kharif,clayey,0.57,349.49,drip
maize,summer,red,1.3,1089.28,surface
rice,kharif,sandy,3.7,5176.5,surface
tomato,kharif,clayey,2.9,1668.14,sprinkler
tomato,summer,clayey,3.26,2324.31,drip
groundnut,rabi,sandy,1.61,971.48,drip
maize,rabi,loamy,4.25,4057.24,sprinkler
sugarcane,rabi,loamy,1.15,1584.79,drip
wheat,rabi,black,3.0,3238.24,sprinkler
sugarcane,kharif,red,3.11,4902.46,surface
tomato,summer,clayey,4.12,2238.21,sprinkler
groundnut,kharif,clayey,2.93,1704.0,surface
cotton,summer,loamy,4.08,4208.86,surface
rice,summer,clayey,0.97,1315.92,surface
sugarcane,summer,red,4.19,5591.04,surface
maize,rabi,red,2.47,2047.98,sprinkler
rice,kharif,red,2.52,3205.78,surface
groundnut,summer,loamy,0.79,520.8,surface
maize,summer,sandy,3.71,2957.09,surface
cotton,kharif,black,1.89,2039.09,surface
maize,kharif,red,4.09,3282.41,surface
tomato,summer,red,1.92,924.72,drip
citrus,summer,clayey,3.14,1568.22,drip
rice,summer,black,3.79,4971.07,surface
sugarcane,kharif,sandy,3.42,5119.69,drip
rice,kharif,sandy,4.76,5881.08,surface
tomato,rabi,black,1.12,629.88,sprinkler
rice,rabi,loamy,3.68,5085.58,surface
onion,kharif,clayey,2.31,1028.71,drip
rice,rabi,sandy,2.86,2773.61,surface
citrus,summer,sandy,3.57,1346.56,drip
wheat,kharif,clayey,2.23,1627.8,surface
citrus,kharif,loamy,1.35,636.87,drip
cotton,rabi,sandy,4.42,5149.5,drip
citrus,summer,loamy,4.51,2197.03,drip
cotton,rabi,sandy,3.3,3874.59,drip
rice,rabi,sandy,2.07,2166.46,surface
mango,kharif,black,1.37,472.43,drip
citrus,rabi,red,4.24,2124.8,drip
rice,rabi,loamy,2.15,2311.11,surface
onion,rabi,sandy,2.11,1230.81,drip
onion,summer,sandy,3.49,1619.75,drip
mango,summer,loamy,1.77,604.77,drip
sugarcane,summer,black,2.32,3308.88,surface
onion,rabi,sandy,1.95,968.8,drip
tomato,rabi,clayey,3.97,2571.51,sprinkler
mango,kharif,sandy,1.88,778.31,drip
citrus,summer,clayey,3.83,1747.14,drip
wheat,rabi,loamy,2.08,1900.28,sprinkler
tomato,summer,clayey,3.57,1751.92,drip
sugarcane,rabi,loamy,4.52,7356.06,drip
rice,rabi,loamy,3.07,3850.54,surface
wheat,kharif,sandy,4.66,3363.15,sprinkler
sugarcane,kharif,black,4.22,6005.36,surface
tomato,kharif,loamy,3.19,2007.22,drip
maize,summer,red,3.7,3436.07,surface
maize,summer,clayey,2.34,1505.26,sprinkler
tomato,rabi,loamy,4.18,2496.18,sprinkler
citrus,summer,black,0.69,343.68,drip
cotton,kharif,sandy,1.02,1184.1,drip
onion,kharif,red,1.97,1159.74,drip
maize,rabi,red,1.79,1635.64,surface
maize,kharif,black,4.2,3876.13,sprinkler
rice,kharif,loamy,2.83,2765.29,surface
onion,kharif,loamy,0.67,320.0,drip
rice,kharif,black,3.27,3826.86,surface
cotton,summer,sandy,3.48,3485.04,surface
sugarcane,summer,clayey,0.7,845.97,drip
cotton,rabi,loamy,2.08,1830.94,surface
wheat,rabi,loamy,4.76,4293.59,sprinkler
sugarcane,summer,loamy,2.01,3281.74,drip
wheat,kharif,loamy,3.21,2643.79,sprinkler
cotton,summer,clayey,0.76,816.17,drip
tomato,summer,loamy,3.76,2095.06,drip
wheat,kharif,loamy,0.53,382.25,surface
wheat,summer,sandy,4.36,4335.51,sprinkler
wheat,kharif,black,4.72,4494.03,surface
maize,rabi,loamy,3.57,2984.64,surface
groundnut,rabi,loamy,2.54,2047.86,surface
sugarcane,rabi,loamy,4.83,6921.73,drip
maize,rabi,sandy,2.44,1795.73,sprinkler
wheat,rabi,red,4.33,4656.9,sprinkler
cotton,kharif,black,2.4,2321.02,surface
onion,rabi,black,2.14,995.53,sprinkler
tomato,summer,red,1.43,760.86,drip
sugarcane,summer,red,2.14,3162.97,drip
tomato,summer,clayey,1.46,750.32,sprinkler
rice,rabi,red,2.35,2480.93,surface
groundnut,summer,black,4.72,3213.85,drip
onion,summer,loamy,2.24,1194.81,drip
maize,summer,black,3.09,2769.47,sprinkler
cotton,rabi,black,1.61,1763.57,surface
onion,summer,red,2.89,1519.03,sprinkler
wheat,kharif,sandy,0.6,630.76,surface
wheat,kharif,clayey,4.69,3979.05,sprinkler
cotton,rabi,sandy,2.13,2478.68,drip
citrus,rabi,clayey,3.67,1512.6,drip
rice,kharif,loamy,2.37,2880.75,surface
citrus,kharif,red,2.99,1329.12,drip
maize,kharif,loamy,4.59,3080.17,sprinkler
wheat,rabi,black,2.21,1726.82,surface
wheat,rabi,red,3.07,2704.79,sprinkler
wheat,summer,red,2.05,1726.76,sprinkler
rice,kharif,loamy,1.11,1225.5,surface
tomato,kharif,loamy,4.83,2690.15,drip
rice,summer,black,0.57,790.99,surface
tomato,rabi,clayey,1.36,744.27,drip
mango,rabi,clayey,4.58,1503.71,drip
sugarcane,rabi,black,4.98,6984.5,surface
maize,summer,sandy,2.0,1300.08,surface
citrus,summer,red,0.59,252.83,drip
onion,rabi,sandy,3.63,1648.23,sprinkler
tomato,rabi,red,4.34,2899.94,sprinkler
tomato,kharif,clayey,3.74,2291.02,sprinkler
onion,rabi,sandy,4.61,2691.11,sprinkler
rice,summer,sandy,0.6,613.02,surface
rice,kharif,loamy,2.18,2253.95,surface
sugarcane,kharif,sandy,3.75,6157.13,drip
groundnut,kharif,red,3.32,2669.21,drip
onion,summer,sandy,3.26,1340.62,sprinkler
cotton,summer,sandy,1.34,1456.98,drip
rice,rabi,loamy,1.45,1891.02,surface
tomato,summer,red,1.37,926.41,sprinkler
onion,rabi,clayey,3.79,1964.59,drip
wheat,kharif,red,0.53,415.15,sprinkler
sugarcane,kharif,red,3.09,4059.05,surface
rice,kharif,loamy,4.32,5715.44,surface
sugarcane,rabi,red,1.84,2663.16,drip
maize,rabi,clayey,4.21,3685.19,sprinkler
mango,summer,clayey,1.77,612.07,drip
wheat,rabi,clayey,4.56,3382.36,surface
tomato,summer,black,0.55,362.24,drip
rice,summer,clayey,3.64,4552.34,surface
rice,summer,clayey,2.53,3330.12,surface
onion,rabi,clayey,3.94,1823.02,sprinkler
sugarcane,summer,loamy,0.69,974.1,drip
onion,rabi,black,2.59,1501.73,sprinkler
onion,kharif,black,2.39,967.7,drip
cotton,rabi,loamy,2.3,1852.83,surface
cotton,summer,loamy,1.48,1193.7,drip
onion,rabi,clayey,1.39,694.26,drip
cotton,summer,clayey,1.52,1511.81,surface
onion,rabi,loamy,2.69,1434.19,sprinkler
groundnut,kharif,clayey,3.68,2687.1,drip
cotton,summer,black,4.12,3982.14,drip
wheat,summer,loamy,2.02,1680.28,sprinkler
citrus,summer,sandy,3.2,1457.07,drip
groundnut,summer,loamy,2.16,1796.52,surface
rice,rabi,clayey,2.38,2524.08,surface
groundnut,rabi,black,4.04,2890.21,drip
citrus,summer,loamy,4.56,2434.06,drip
citrus,summer,red,3.24,1640.73,drip
sugarcane,summer,black,4.51,6260.22,surface
rice,kharif,red,1.95,2367.36,surface
onion,kharif,black,2.25,986.93,sprinkler
maize,rabi,sandy,2.63,1871.16,sprinkler
wheat,rabi,red,2.67,2062.85,sprinkler
maize,rabi,clayey,3.22,2613.41,surface
sugarcane,rabi,sandy,3.81,5017.64,drip
mango,kharif,black,2.4,1082.34,drip
wheat,rabi,loamy,1.15,838.47,sprinkler
tomato,rabi,black,3.99,2866.08,drip
onion,summer,loamy,3.17,1748.86,sprinkler
rice,rabi,clayey,1.39,1739.09,surface
maize,summer,loamy,1.95,1258.58,sprinkler
wheat,summer,black,2.16,1800.35,sprinkler
tomato,summer,black,3.41,1960.51,drip
